id,begin_idx,end_idx,notes
sub1_basic_a_n_1,49,52,jiggling in place
sub1_basic_a_n_2,40,45,jiggling in place
sub1_basic_a_n_3,42,46,jiggling in place
sub1_basic_a_n_4,50,56,jiggling in place
sub1_basic_a_n_5,22,27,no movement
sub1_basic_b_n_1,83,219,
sub1_basic_b_n_2,46,118,
sub1_basic_b_n_3,90,160,
sub1_basic_b_n_4,39,77,jiggling in place
sub1_basic_b_n_5,22,27,jiggling in place
sub1_basic_c_n_1,40,119,
sub1_basic_c_n_2,70,166,
sub1_basic_c_n_3,70,139,
sub1_basic_c_n_4,73,133,
sub1_basic_c_n_5,26,58,
sub1_basic_d_n_1,47,105,
sub1_basic_d_n_2,55,113,
sub1_basic_d_n_3,39,63,
sub1_basic_d_n_4,38,45,jiggling in place
sub1_basic_d_n_5,23,27,jiggling in place
sub1_basic_e_n_1,35,40,jiggling in place
sub1_basic_e_n_2,52,57,jiggling in place
sub1_basic_e_n_3,57,65,jiggling in place
sub1_basic_e_n_4,49,80,jiggling in place
sub1_basic_e_n_5,26,31,jiggling in place
sub1_basic_f_n_1,46,120,
sub1_basic_f_n_2,53,112,
sub1_basic_f_n_3,52,90,
sub1_basic_f_n_4,44,52,jiggling in place
sub1_basic_f_n_5,38,43,jiggling in place
sub1_basic_g_n_1,50,164,
sub1_basic_g_n_2,62,140,
sub1_basic_g_n_3,44,72,
sub1_basic_g_n_4,52,112,
sub1_basic_g_n_5,29,65,
sub1_basic_h_n_1,65,134,
sub1_basic_h_n_2,56,108,
sub1_basic_h_n_3,53,84,
sub1_basic_h_n_4,55,66,
sub1_basic_h_n_5,34,39,jiggling in place
sub1_m2stiff_a_n_1,44,225,
sub1_m2stiff_a_n_2,55,247,
sub1_m2stiff_a_n_3,34,91,
sub1_m2stiff_a_n_4,41,115,
sub1_m2stiff_a_n_5,20,101,
sub1_m2stiff_b_n_1,49,54,no movement
sub1_m2stiff_b_n_2,35,40,no movement
sub1_m2stiff_b_n_3,21,26,no movement
sub1_m2stiff_b_n_4,31,36,no movement
sub1_m2stiff_b_n_5,33,38,no movement
sub1_m2stiff_c_n_1,69,74,no movement
sub1_m2stiff_c_n_2,32,37,no movement
sub1_m2stiff_c_n_3,24,29,no movement
sub1_m2stiff_c_n_4,17,22,no movement
sub1_m2stiff_c_n_5,29,34,no movement
sub1_m2stiff_d_n_1,36,63,jiggling in place
sub1_m2stiff_d_n_2,41,50,jiggling in place
sub1_m2stiff_d_n_3,37,42,no movement
sub1_m2stiff_d_n_4,31,36,no movement
sub1_m2stiff_d_n_5,19,24,no movement
sub1_m2stiff_e_n_1,30,190,
sub1_m2stiff_e_n_2,48,104,
sub1_m2stiff_e_n_3,34,108,
sub1_m2stiff_e_n_4,35,92,
sub1_m2stiff_e_n_5,24,52,
sub1_m2stiff_f_n_1,52,59,no movement
sub1_m2stiff_f_n_2,40,45,no movement
sub1_m2stiff_f_n_3,28,33,jiggling in place
sub1_m2stiff_f_n_4,28,33,jiggling in place
sub1_m2stiff_f_n_5,17,22,no movement
sub1_m2stiff_g_n_1,32,37,no movement
sub1_m2stiff_g_n_2,32,37,no movement
sub1_m2stiff_g_n_3,28,33,no movement
sub1_m2stiff_g_n_4,32,37,jiggling in place
sub1_m2stiff_g_n_5,20,25,no movement
sub1_m2stiff_h_n_1,46,51,no movement
sub1_m2stiff_h_n_2,33,38,jiggling in place
sub1_m2stiff_h_n_3,30,35,no movement
sub1_m2stiff_h_n_4,28,33,jiggling in place
sub1_m2stiff_h_n_5,20,25,no movement
sub1_m2active_a_n_1,70,287,tilt
sub1_m2active_a_n_2,35,583,
sub1_m2active_a_n_3,36,510,wobble
sub1_m2active_a_n_4,31,620,
sub1_m2active_a_n_5,43,345,
sub1_m2active_b_n_1,29,160,
sub1_m2active_b_n_2,22,550,
sub1_m2active_b_n_3,24,505,tilt
sub1_m2active_b_n_4,29,965,
sub1_m2active_b_n_5,43,503,wobble
sub1_m2active_c_n_1,32,106,wobble
sub1_m2active_c_n_2,20,110,tilt & wobble
sub1_m2active_c_n_3,14,41,
sub1_m2active_c_n_4,42,148,
sub1_m2active_c_n_5,52,297,wobble
sub1_m2active_d_n_1,53,196,wobble
sub1_m2active_d_n_2,16,385,
sub1_m2active_d_n_3,18,499,tilt
sub1_m2active_d_n_4,44,934,tilt & wobble
sub1_m2active_d_n_5,47,978,
sub1_m2active_e_n_1,133,504,
sub1_m2active_e_n_2,46,907,
sub1_m2active_e_n_3,20,539,wobble
sub1_m2active_e_n_4,36,1048,wobble
sub1_m2active_e_n_5,54,1632,
sub1_m2active_f_n_1,26,171,
sub1_m2active_f_n_2,17,867,tilt & wobble
sub1_m2active_f_n_3,32,579,
sub1_m2active_f_n_4,40,432,
sub1_m2active_f_n_5,15,287,
sub1_m2active_g_n_1,41,161,
sub1_m2active_g_n_2,14,547,
sub1_m2active_g_n_3,36,223,wobble
sub1_m2active_g_n_4,89,249,tilt & wobble
sub1_m2active_g_n_5,53,268,
sub1_m2active_h_n_1,15,105,tilt & wobble
sub1_m2active_h_n_2,15,1415,
sub1_m2active_h_n_3,1,759,wobble
sub1_m2active_h_n_4,95,870,big wobble
sub1_m2active_h_n_5,78,568,"pre-start wobble,  end wobble"
sub1_m2active_n_cw_1,,,
sub1_m2active_n_cw_2,,,
sub1_m2active_n_cw_3,,,
sub1_m2active_n_cw_4,,,
sub1_m2active_n_cw_5,,,
sub1_m2active_n_ccw_1,,,
sub1_m2active_n_ccw_2,,,
sub1_m2active_n_ccw_3,,,
sub1_m2active_n_ccw_4,,,
sub1_m2active_n_ccw_5,,,
sub1_2v2_a_n_1,50,220,
sub1_2v2_a_n_2,38,187,
sub1_2v2_a_n_3,38,162,
sub1_2v2_a_n_4,36,179,
sub1_2v2_a_n_5,36,175,
sub1_2v2_b_n_1,22,178,
sub1_2v2_b_n_2,38,172,
sub1_2v2_b_n_3,28,163,
sub1_2v2_b_n_4,25,90,tilt
sub1_2v2_b_n_5,23,158,
sub1_2v2_c_n_1,65,187,
sub1_2v2_c_n_2,60,164,
sub1_2v2_c_n_3,30,114,
sub1_2v2_c_n_4,19,116,
sub1_2v2_c_n_5,24,125,
sub1_2v2_d_n_1,22,672,
sub1_2v2_d_n_2,32,707,
sub1_2v2_d_n_3,31,560,
sub1_2v2_d_n_4,21,541,
sub1_2v2_d_n_5,23,386,
sub1_2v2_e_n_1,21,553,
sub1_2v2_e_n_2,33,190,
sub1_2v2_e_n_3,32,582,tilted and wobbled
sub1_2v2_e_n_4,32,981,
sub1_2v2_e_n_5,30,700,
sub1_2v2_f_n_1,30,150,
sub1_2v2_f_n_2,34,347,
sub1_2v2_f_n_3,15,340,
sub1_2v2_f_n_4,19,385,
sub1_2v2_f_n_5,38,270,
sub1_2v2_g_n_1,20,142,wobbled
sub1_2v2_g_n_2,30,213,
sub1_2v2_g_n_3,30,195,
sub1_2v2_g_n_4,42,168,tilt & wobble
sub1_2v2_g_n_5,19,180,
sub1_2v2_h_n_1,25,107,
sub1_2v2_h_n_2,34,123,
sub1_2v2_h_n_3,43,189,
sub1_2v2_h_n_4,27,181,wobble
sub1_2v2_h_n_5,24,131,tilt & wobble
sub1_2v2_n_cw_1,,,
sub1_2v2_n_cw_2,,,
sub1_2v2_n_cw_3,,,
sub1_2v2_n_cw_4,,,
sub1_2v2_n_cw_5,,,
sub1_2v2_n_ccw_1,,,
sub1_2v2_n_ccw_2,,,
sub1_2v2_n_ccw_3,,,
sub1_2v2_n_ccw_4,,,
sub1_2v2_n_ccw_5,,,
sub1_3v3_a_n_1,58,167,
sub1_3v3_a_n_2,33,147,
sub1_3v3_a_n_3,31,160,
sub1_3v3_a_n_4,35,159,
sub1_3v3_a_n_5,40,123,
sub1_3v3_b_n_1,25,158,
sub1_3v3_b_n_2,34,174,
sub1_3v3_b_n_3,25,147,
sub1_3v3_b_n_4,37,168,wobble
sub1_3v3_b_n_5,32,115,
sub1_3v3_c_n_1,64,265,
sub1_3v3_c_n_2,40,190,
sub1_3v3_c_n_3,29,171,
sub1_3v3_c_n_4,28,139,
sub1_3v3_c_n_5,27,168,
sub1_3v3_d_n_1,164,269,"also ""old"" test file"
sub1_3v3_d_n_2,75,177,"wobble, also ""old"" test file"
sub1_3v3_d_n_3,48,124,"also ""old"" test file"
sub1_3v3_d_n_4,46,178,"also ""old"" test file"
sub1_3v3_d_n_5,31,102,"wobble, also ""old"" test file"
sub1_3v3_e_n_1,21,458,
sub1_3v3_e_n_2,22,155,tilt & wobble
sub1_3v3_e_n_3,37,202,wobble
sub1_3v3_e_n_4,32,160,tilt
sub1_3v3_e_n_5,63,234,tilt
sub1_3v3_f_n_1,34,149,"also ""old"" test file"
sub1_3v3_f_n_2,61,177,"also ""old"" test file"
sub1_3v3_f_n_3,18,129,"tilt; also ""old"" test file"
sub1_3v3_f_n_4,37,107,"tilt; also ""old"" test file"
sub1_3v3_f_n_5,33,127,"wobble; also ""old"" test file"
sub1_3v3_g_n_1,86,217,tilt
sub1_3v3_g_n_2,31,219,
sub1_3v3_g_n_3,27,150,
sub1_3v3_g_n_4,30,143,
sub1_3v3_g_n_5,28,147,
sub1_3v3_h_n_1,19,179,
sub1_3v3_h_n_2,53,194,
sub1_3v3_h_n_3,28,136,
sub1_3v3_h_n_4,15,132,
sub1_3v3_h_n_5,33,180,
sub1_3v3_n_cw_1,,,
sub1_3v3_n_cw_2,,,
sub1_3v3_n_cw_3,,,
sub1_3v3_n_cw_4,,,
sub1_3v3_n_cw_5,,,
sub1_3v3_n_ccw_1,,,
sub1_3v3_n_ccw_2,,,
sub1_3v3_n_ccw_3,,,
sub1_3v3_n_ccw_4,,,
sub1_3v3_n_ccw_5,,,
sub1_2v3_a_n_1,38,168,
sub1_2v3_a_n_2,19,95,slip
sub1_2v3_a_n_3,20,128,
sub1_2v3_a_n_4,19,127,
sub1_2v3_a_n_5,57,133,
sub1_2v3_b_n_1,7,124,
sub1_2v3_b_n_2,16,115,
sub1_2v3_b_n_3,62,146,
sub1_2v3_b_n_4,2,105,
sub1_2v3_b_n_5,55,130,
sub1_2v3_c_n_1,0,94,tilt & wobble
sub1_2v3_c_n_2,16,106,tilt & wobble
sub1_2v3_c_n_3,5,116,tilt & wobble
sub1_2v3_c_n_4,42,146,tilt
sub1_2v3_c_n_5,35,135,
sub1_2v3_d_n_1,18,152,wobble
sub1_2v3_d_n_2,11,159,
sub1_2v3_d_n_3,12,242,would you take a look at this one?
sub1_2v3_d_n_4,88,267,tilt
sub1_2v3_d_n_5,44,196,tilt & wobble
sub1_2v3_e_n_1,9,152,
sub1_2v3_e_n_2,14,107,
sub1_2v3_e_n_3,8,136,tilt
sub1_2v3_e_n_4,34,134,
sub1_2v3_e_n_5,74,160,tilt & wobble
sub1_2v3_f_n_1,9,131,
sub1_2v3_f_n_2,16,174,tilt
sub1_2v3_f_n_3,13,116,
sub1_2v3_f_n_4,16,121,
sub1_2v3_f_n_5,158,267,
sub1_2v3_g_n_1,1,76,tilt
sub1_2v3_g_n_2,40,165,
sub1_2v3_g_n_3,8,99,
sub1_2v3_g_n_4,17,78,tilt & wobble
sub1_2v3_g_n_5,17,110,
sub1_2v3_h_n_1,10,121,
sub1_2v3_h_n_2,7,99,
sub1_2v3_h_n_3,10,139,
sub1_2v3_h_n_4,25,152,
sub1_2v3_h_n_5,40,149,
sub1_2v3_n_cw_1,,,
sub1_2v3_n_cw_2,,,
sub1_2v3_n_cw_3,,,
sub1_2v3_n_cw_4,,,
sub1_2v3_n_cw_5,,,
sub1_2v3_n_ccw_1,,,
sub1_2v3_n_ccw_2,,,
sub1_2v3_n_ccw_3,,,
sub1_2v3_n_ccw_4,,,
sub1_2v3_n_ccw_5,,,
sub1_barrett_a_n_1,30,279,tilt
sub1_barrett_a_n_2,47,190,
sub1_barrett_a_n_3,66,264,
sub1_barrett_a_n_4,35,201,
sub1_barrett_a_n_5,20,99,would you take a look at this one?
sub1_barrett_b_n_1,27,248,tilt
sub1_barrett_b_n_2,30,127,tilt
sub1_barrett_b_n_3,22,152,tilt
sub1_barrett_b_n_4,30,137,
sub1_barrett_b_n_5,30,104,
sub1_barrett_c_n_1,56,165,tilt
sub1_barrett_c_n_2,48,177,
sub1_barrett_c_n_3,19,111,
sub1_barrett_c_n_4,37,113,
sub1_barrett_c_n_5,35,117,
sub1_barrett_d_n_1,33,169,tilt & wobble
sub1_barrett_d_n_2,45,172,tilt & wobble
sub1_barrett_d_n_3,30,213,wobble
sub1_barrett_d_n_4,21,144,tilt & wobble
sub1_barrett_d_n_5,55,176,
sub1_barrett_e_n_1,48,180,tilt
sub1_barrett_e_n_2,23,152,tilt
sub1_barrett_e_n_3,31,183,tilt
sub1_barrett_e_n_4,28,150,tilt
sub1_barrett_e_n_5,30,141,tilt
sub1_barrett_f_n_1,39,143,tilt
sub1_barrett_f_n_2,23,98,tilt
sub1_barrett_f_n_3,28,143,tilt
sub1_barrett_f_n_4,34,144,
sub1_barrett_f_n_5,78,141,big tilt & wobble
sub1_barrett_g_n_1,27,144,tilt & wobble
sub1_barrett_g_n_2,24,126,wobble
sub1_barrett_g_n_3,29,136,
sub1_barrett_g_n_4,22,84,tilt
sub1_barrett_g_n_5,98,192,
sub1_barrett_h_n_1,69,142,tilt & wobble
sub1_barrett_h_n_2,31,160,
sub1_barrett_h_n_3,37,157,
sub1_barrett_h_n_4,41,151,
sub1_barrett_h_n_5,107,221,tilt
sub1_barrett_n_cw_1,,,
sub1_barrett_n_cw_2,,,
sub1_barrett_n_cw_3,,,
sub1_barrett_n_cw_4,,,
sub1_barrett_n_cw_5,,,
sub1_barrett_n_ccw_1,,,
sub1_barrett_n_ccw_2,,,
sub1_barrett_n_ccw_3,,,
sub1_barrett_n_ccw_4,,,
sub1_barrett_n_ccw_5,,,
sub1_modelvf_a_n_1,54,575,
sub1_modelvf_a_n_2,46,476,"pre-start wobble,  end wobble"
sub1_modelvf_a_n_3,9,348,
sub1_modelvf_a_n_4,32,419,tilt
sub1_modelvf_a_n_5,18,548,tilt & wobble
sub1_modelvf_b_n_1,31,552,tilt
sub1_modelvf_b_n_2,43,451,
sub1_modelvf_b_n_3,24,468,
sub1_modelvf_b_n_4,22,405,
sub1_modelvf_b_n_5,13,330,
sub1_modelvf_c_n_1,15,268,
sub1_modelvf_c_n_2,8,224,
sub1_modelvf_c_n_3,18,345,
sub1_modelvf_c_n_4,13,320,
sub1_modelvf_c_n_5,3,254,
sub1_modelvf_d_n_1,7,116,
sub1_modelvf_d_n_2,17,51,
sub1_modelvf_d_n_3,20,61,
sub1_modelvf_d_n_4,16,52,
sub1_modelvf_d_n_5,3,30,
sub1_modelvf_e_n_1,27,319,wobble
sub1_modelvf_e_n_2,0,5,
sub1_modelvf_e_n_3,3,8,camera shook
sub1_modelvf_e_n_4,9,18,
sub1_modelvf_e_n_5,0,9,
sub1_modelvf_f_n_1,27,215,slip
sub1_modelvf_f_n_2,50,159,
sub1_modelvf_f_n_3,6,70,
sub1_modelvf_f_n_4,8,60,
sub1_modelvf_f_n_5,11,60,
sub1_modelvf_g_n_1,18,680,
sub1_modelvf_g_n_2,43,335,
sub1_modelvf_g_n_3,42,355,
sub1_modelvf_g_n_4,15,330,
sub1_modelvf_g_n_5,6,402,
sub1_modelvf_h_n_1,28,586,wobble
sub1_modelvf_h_n_2,10,380,
sub1_modelvf_h_n_3,22,390,
sub1_modelvf_h_n_4,26,535,
sub1_modelvf_h_n_5,24,400,
sub2_basic_a_n_1,51,56,no movement
sub2_basic_a_n_2,72,85,jiggle
sub2_basic_a_n_3,83,88,no movement
sub2_basic_a_n_4,76,81,no movement
sub2_basic_a_n_5,78,83,no movement
sub2_basic_b_n_1,83,88,no movement
sub2_basic_b_n_2,89,94,no movement
sub2_basic_b_n_3,102,107,no movement
sub2_basic_b_n_4,73,78,no movement
sub2_basic_b_n_5,101,106,no movement
sub2_basic_c_n_1,63,183,no movement
sub2_basic_c_n_2,88,228,no movement
sub2_basic_c_n_3,60,228,no movement
sub2_basic_c_n_4,73,233,no movement
sub2_basic_c_n_5,61,283,"no movement, wobble"
sub2_basic_d_n_1,85,90,no movement
sub2_basic_d_n_2,100,110,slight jiggle
sub2_basic_d_n_3,106,111,no movement
sub2_basic_d_n_4,58,63,no movement
sub2_basic_d_n_5,140,145,no movement
sub2_basic_e_n_1,83,88,no movement
sub2_basic_e_n_2,81,86,no movement
sub2_basic_e_n_3,82,87,no movement
sub2_basic_e_n_4,86,91,no movement
sub2_basic_e_n_5,109,114,no movement
sub2_basic_f_n_1,70,75,no movement
sub2_basic_f_n_2,74,79,no movement
sub2_basic_f_n_3,97,102,no movement
sub2_basic_f_n_4,87,95,slight jiggle
sub2_basic_f_n_5,69,74,no movement
sub2_basic_g_n_1,72,240,wobble
sub2_basic_g_n_2,76,222,wobble
sub2_basic_g_n_3,79,260,
sub2_basic_g_n_4,64,156,
sub2_basic_g_n_5,66,226,
sub2_basic_h_n_1,92,97,no movement
sub2_basic_h_n_2,90,95,no movement
sub2_basic_h_n_3,61,66,no movement
sub2_basic_h_n_4,54,59,no movement
sub2_basic_h_n_5,49,54,no movement
sub2_m2stiff_a_n_1,67,212,wobble
sub2_m2stiff_a_n_2,34,140,wobble
sub2_m2stiff_a_n_3,41,136,wobble
sub2_m2stiff_a_n_4,29,109,wobble
sub2_m2stiff_a_n_5,29,240,
sub2_m2stiff_b_n_1,55,60,no movement
sub2_m2stiff_b_n_2,66,71,no movement
sub2_m2stiff_b_n_3,64,90,slight jiggle
sub2_m2stiff_b_n_4,49,54,
sub2_m2stiff_b_n_5,63,68,
sub2_m2stiff_c_n_1,94,150,slight jiggle
sub2_m2stiff_c_n_2,74,79,no movement
sub2_m2stiff_c_n_3,83,88,no movement
sub2_m2stiff_c_n_4,52,57,no movement
sub2_m2stiff_c_n_5,33,50,slight jiggle
sub2_m2stiff_d_n_1,96,101,no movement 
sub2_m2stiff_d_n_2,48,60,slight jiggle
sub2_m2stiff_d_n_3,70,75,no movement
sub2_m2stiff_d_n_4,49,54,no movement
sub2_m2stiff_d_n_5,54,100,slight jiggle
sub2_m2stiff_e_n_1,14,86,wobble
sub2_m2stiff_e_n_2,44,335,wobble
sub2_m2stiff_e_n_3,30,130,
sub2_m2stiff_e_n_4,18,138,wobble
sub2_m2stiff_e_n_5,47,258,wobble
sub2_m2stiff_f_n_1,61,66,no movement
sub2_m2stiff_f_n_2,50,55,no movement
sub2_m2stiff_f_n_3,70,75,no movement
sub2_m2stiff_f_n_4,40,45,no movement
sub2_m2stiff_f_n_5,52,57,no movement
sub2_m2stiff_g_n_1,49,70,slight jiggle
sub2_m2stiff_g_n_2,42,50,slight jiggle
sub2_m2stiff_g_n_3,46,75,slight jiggle
sub2_m2stiff_g_n_4,23,33,no movement
sub2_m2stiff_g_n_5,56,61,no movement
sub2_m2stiff_h_n_1,50,70,slight jiggle
sub2_m2stiff_h_n_2,49,54,no movement
sub2_m2stiff_h_n_3,52,73,slight jiggle
sub2_m2stiff_h_n_4,40,65,slight jiggle
sub2_m2stiff_h_n_5,77,82,no movement
sub2_m2active_a_n_1,45,195,
sub2_m2active_a_n_2,41,101,wobble
sub2_m2active_a_n_3,22,102,wobble
sub2_m2active_a_n_4,27,81,wobble
sub2_m2active_a_n_5,30,113,slight wobble
sub2_m2active_b_n_1,54,151,
sub2_m2active_b_n_2,64,130,slight wobble
sub2_m2active_b_n_3,21,94,wobble
sub2_m2active_b_n_4,29,103,
sub2_m2active_b_n_5,30,108,slight wobble
sub2_m2active_c_n_1,61,170,wobble
sub2_m2active_c_n_2,46,302,
sub2_m2active_c_n_3,38,160,wobble
sub2_m2active_c_n_4,29,106,wobble
sub2_m2active_c_n_5,41,135,wobble
sub2_m2active_d_n_1,65,185,wobble
sub2_m2active_d_n_2,30,192,wobble
sub2_m2active_d_n_3,25,140,
sub2_m2active_d_n_4,20,130,
sub2_m2active_d_n_5,50,139,
sub2_m2active_e_n_1,40,182,
sub2_m2active_e_n_2,44,214,wobble
sub2_m2active_e_n_3,38,218,
sub2_m2active_e_n_4,40,112,
sub2_m2active_e_n_5,34,147,wobble
sub2_m2active_f_n_1,39,165,wobble
sub2_m2active_f_n_2,31,182,wobble
sub2_m2active_f_n_3,41,142,
sub2_m2active_f_n_4,17,160,
sub2_m2active_f_n_5,27,132,wobble
sub2_m2active_g_n_1,47,182,slight wobble
sub2_m2active_g_n_2,35,197,
sub2_m2active_g_n_3,24,130,slight wobble
sub2_m2active_g_n_4,19,124,slight wobble
sub2_m2active_g_n_5,33,89,
sub2_m2active_h_n_1,45,166,slight wobble
sub2_m2active_h_n_2,29,120,wobble
sub2_m2active_h_n_3,77,136,wobble
sub2_m2active_h_n_4,33,196,wobble
sub2_m2active_h_n_5,62,139,wobble
sub2_m2active_n_cw_1,,,
sub2_m2active_n_cw_2,,,
sub2_m2active_n_cw_3,,,
sub2_m2active_n_cw_4,,,
sub2_m2active_n_cw_5,,,
sub2_m2active_n_ccw_1,,,
sub2_m2active_n_ccw_2,,,
sub2_m2active_n_ccw_3,,,
sub2_m2active_n_ccw_4,,,
sub2_m2active_n_ccw_5,,,
sub2_2v2_a_n_1,29,168,
sub2_2v2_a_n_2,20,150,tilt and wobble
sub2_2v2_a_n_3,31,181,wobble
sub2_2v2_a_n_4,23,126,
sub2_2v2_a_n_5,23,169,tilt
sub2_2v2_b_n_1,28,122,
sub2_2v2_b_n_2,49,105,
sub2_2v2_b_n_3,33,151,
sub2_2v2_b_n_4,31,92,wobble
sub2_2v2_b_n_5,41,138,wobble
sub2_2v2_c_n_1,39,128,wobble
sub2_2v2_c_n_2,29,149,slight wobble
sub2_2v2_c_n_3,28,80,
sub2_2v2_c_n_4,36,97,
sub2_2v2_c_n_5,23,104,
sub2_2v2_d_n_1,33,154,
sub2_2v2_d_n_2,24,136,
sub2_2v2_d_n_3,39,185,
sub2_2v2_d_n_4,32,186,wiggly movement
sub2_2v2_d_n_5,28,156,
sub2_2v2_e_n_1,27,129,
sub2_2v2_e_n_2,29,172,
sub2_2v2_e_n_3,31,205,
sub2_2v2_e_n_4,25,134,
sub2_2v2_e_n_5,29,178,
sub2_2v2_f_n_1,39,259,
sub2_2v2_f_n_2,42,156,
sub2_2v2_f_n_3,29,119,
sub2_2v2_f_n_4,39,158,
sub2_2v2_f_n_5,25,255,
sub2_2v2_g_n_1,38,157,wobble
sub2_2v2_g_n_2,30,108,
sub2_2v2_g_n_3,26,107,
sub2_2v2_g_n_4,11,100,
sub2_2v2_g_n_5,29,106,slight wobble
sub2_2v2_h_n_1,48,124,
sub2_2v2_h_n_2,16,137,
sub2_2v2_h_n_3,59,116,
sub2_2v2_h_n_4,35,133,
sub2_2v2_h_n_5,22,84,
sub2_2v2_n_cw_1,,,
sub2_2v2_n_cw_2,,,
sub2_2v2_n_cw_3,,,
sub2_2v2_n_cw_4,,,
sub2_2v2_n_cw_5,,,
sub2_2v2_n_ccw_1,,,
sub2_2v2_n_ccw_2,,,
sub2_2v2_n_ccw_3,,,
sub2_2v2_n_ccw_4,,,
sub2_2v2_n_ccw_5,,,
sub2_3v3_a_n_1,13,108,
sub2_3v3_a_n_2,21,123,
sub2_3v3_a_n_3,26,182,
sub2_3v3_a_n_4,39,215,
sub2_3v3_a_n_5,24,135,
sub2_3v3_b_n_1,29,104,
sub2_3v3_b_n_2,23,80,
sub2_3v3_b_n_3,23,124,wobble
sub2_3v3_b_n_4,24,105,
sub2_3v3_b_n_5,33,127,
sub2_3v3_c_n_1,11,81,
sub2_3v3_c_n_2,27,125,
sub2_3v3_c_n_3,20,128,wobble
sub2_3v3_c_n_4,25,102,
sub2_3v3_c_n_5,35,130,
sub2_3v3_d_n_1,32,124,
sub2_3v3_d_n_2,28,103,
sub2_3v3_d_n_3,48,126,
sub2_3v3_d_n_4,38,112,
sub2_3v3_d_n_5,26,127,
sub2_3v3_e_n_1,42,171,
sub2_3v3_e_n_2,40,119,
sub2_3v3_e_n_3,26,111,
sub2_3v3_e_n_4,25,98,
sub2_3v3_e_n_5,26,114,
sub2_3v3_f_n_1,29,130,wobble
sub2_3v3_f_n_2,17,88,
sub2_3v3_f_n_3,34,143,
sub2_3v3_f_n_4,55,241,
sub2_3v3_f_n_5,40,130,
sub2_3v3_g_n_1,30,102,
sub2_3v3_g_n_2,26,137,
sub2_3v3_g_n_3,46,157,
sub2_3v3_g_n_4,34,105,
sub2_3v3_g_n_5,26,118,
sub2_3v3_h_n_1,27,85,
sub2_3v3_h_n_2,0,100,
sub2_3v3_h_n_3,28,101,wobble
sub2_3v3_h_n_4,20,108,slight wobble
sub2_3v3_h_n_5,23,140,
sub2_3v3_n_cw_1,,,
sub2_3v3_n_cw_2,,,
sub2_3v3_n_cw_3,,,
sub2_3v3_n_cw_4,,,
sub2_3v3_n_cw_5,,,
sub2_3v3_n_ccw_1,,,
sub2_3v3_n_ccw_2,,,
sub2_3v3_n_ccw_3,,,
sub2_3v3_n_ccw_4,,,
sub2_3v3_n_ccw_5,,,
sub2_2v3_a_n_1,34,154,
sub2_2v3_a_n_2,32,155,
sub2_2v3_a_n_3,42,170,
sub2_2v3_a_n_4,39,163,slight wobble
sub2_2v3_a_n_5,35,111,
sub2_2v3_b_n_1,25,106,wobble
sub2_2v3_b_n_2,23,94,slight wobble
sub2_2v3_b_n_3,27,162,slight wobble
sub2_2v3_b_n_4,21,82,
sub2_2v3_b_n_5,23,112,slight wobble
sub2_2v3_c_n_1,26,132,wobble
sub2_2v3_c_n_2,22,96,
sub2_2v3_c_n_3,21,127,
sub2_2v3_c_n_4,20,105,wobble
sub2_2v3_c_n_5,29,93,wobble
sub2_2v3_d_n_1,30,189,
sub2_2v3_d_n_2,47,132,
sub2_2v3_d_n_3,63,168,
sub2_2v3_d_n_4,29,114,
sub2_2v3_d_n_5,33,131,
sub2_2v3_e_n_1,60,182,
sub2_2v3_e_n_2,20,115,
sub2_2v3_e_n_3,19,140,
sub2_2v3_e_n_4,36,144,wobble
sub2_2v3_e_n_5,21,119,wobble
sub2_2v3_f_n_1,29,132,wobble
sub2_2v3_f_n_2,29,137,
sub2_2v3_f_n_3,9,76,wobble
sub2_2v3_f_n_4,19,128,wobble
sub2_2v3_f_n_5,26,176,
sub2_2v3_g_n_1,32,96,
sub2_2v3_g_n_2,19,177,wobble
sub2_2v3_g_n_3,16,143,wobble
sub2_2v3_g_n_4,31,168,wobble
sub2_2v3_g_n_5,15,86,wobble
sub2_2v3_h_n_1,27,108,
sub2_2v3_h_n_2,19,151,
sub2_2v3_h_n_3,19,160,wobble
sub2_2v3_h_n_4,24,123,wobble
sub2_2v3_h_n_5,24,215,
sub2_2v3_n_cw_1,,,
sub2_2v3_n_cw_2,,,
sub2_2v3_n_cw_3,,,
sub2_2v3_n_cw_4,,,
sub2_2v3_n_cw_5,,,
sub2_2v3_n_ccw_1,,,
sub2_2v3_n_ccw_2,,,
sub2_2v3_n_ccw_3,,,
sub2_2v3_n_ccw_4,,,
sub2_2v3_n_ccw_5,,,
sub2_barrett_a_n_1,35,202,wobble
sub2_barrett_a_n_2,25,79,wobble
sub2_barrett_a_n_3,35,161,wobble
sub2_barrett_a_n_4,25,132,wobble
sub2_barrett_a_n_5,27,99,wobble
sub2_barrett_b_n_1,38,102,wobble
sub2_barrett_b_n_2,32,81,tilt and wobble
sub2_barrett_b_n_3,41,95,wobble
sub2_barrett_b_n_4,26,89,wobble
sub2_barrett_b_n_5,30,82,wobble
sub2_barrett_c_n_1,32,96,wobble
sub2_barrett_c_n_2,31,79,wobble
sub2_barrett_c_n_3,23,99,wobble
sub2_barrett_c_n_4,26,77,wobble
sub2_barrett_c_n_5,32,86,wobble
sub2_barrett_d_n_1,38,137,wobble
sub2_barrett_d_n_2,29,121,wobble
sub2_barrett_d_n_3,29,119,
sub2_barrett_d_n_4,20,95,wobble
sub2_barrett_d_n_5,27,101,wobble
sub2_barrett_e_n_1,34,181,slight wobble
sub2_barrett_e_n_2,32,172,wobble
sub2_barrett_e_n_3,25,100,wobble
sub2_barrett_e_n_4,31,94,wobble
sub2_barrett_e_n_5,34,299,wobble
sub2_barrett_f_n_1,29,82,wobble
sub2_barrett_f_n_2,26,103,wobble
sub2_barrett_f_n_3,20,180,wobble
sub2_barrett_f_n_4,24,122,slight wobble
sub2_barrett_f_n_5,26,138,
sub2_barrett_g_n_1,49,142,
sub2_barrett_g_n_2,59,134,slight wobble
sub2_barrett_g_n_3,20,83,wobble
sub2_barrett_g_n_4,35,147,wobble
sub2_barrett_g_n_5,28,104,wobble
sub2_barrett_h_n_1,33,124,wobble
sub2_barrett_h_n_2,26,106,
sub2_barrett_h_n_3,41,110,wobble
sub2_barrett_h_n_4,26,143,wobble
sub2_barrett_h_n_5,24,84,wobble
sub2_barrett_n_cw_1,,,
sub2_barrett_n_cw_2,,,
sub2_barrett_n_cw_3,,,
sub2_barrett_n_cw_4,,,
sub2_barrett_n_cw_5,,,
sub2_barrett_n_ccw_1,,,
sub2_barrett_n_ccw_2,,,
sub2_barrett_n_ccw_3,,,
sub2_barrett_n_ccw_4,,,
sub2_barrett_n_ccw_5,,,
sub2_modelvf_a_n_1,45,514,slight wobble
sub2_modelvf_a_n_2,122,747,slight wobble
sub2_modelvf_a_n_3,25,267,fingers not removed from object
sub2_modelvf_a_n_4,21,280,fingers not removed from object
sub2_modelvf_a_n_5,19,235,fingers not removed from object
sub2_modelvf_b_n_1,15,200,wobble
sub2_modelvf_b_n_2,28,520,fingers not removed from object
sub2_modelvf_b_n_3,37,340,fingers not removed from object
sub2_modelvf_b_n_4,13,115,fingers not removed from object
sub2_modelvf_b_n_5,24,265,fingers not removed from object
sub2_modelvf_c_n_1,33,203,fingers not removed from object
sub2_modelvf_c_n_2,34,134,fingers not removed from object
sub2_modelvf_c_n_3,8,145,fingers not removed from object
sub2_modelvf_c_n_4,40,162,wobble
sub2_modelvf_c_n_5,27,136,fingers not removed from object
sub2_modelvf_d_n_1,34,123,slight wobble
sub2_modelvf_d_n_2,30,105,fingers not removed from object
sub2_modelvf_d_n_3,19,190,fingers not removed from object
sub2_modelvf_d_n_4,29,160,fingers not removed from object
sub2_modelvf_d_n_5,19,85,fingers not removed from object
sub2_modelvf_e_n_1,54,281,wobble
sub2_modelvf_e_n_2,16,272,wobble
sub2_modelvf_e_n_3,23,115,fingers not removed from object
sub2_modelvf_e_n_4,29,260,fingers not removed from object
sub2_modelvf_e_n_5,23,133,fingers not removed from object
sub2_modelvf_f_n_1,40,144,fingers not removed from object
sub2_modelvf_f_n_2,39,150,fingers not removed from object
sub2_modelvf_f_n_3,17,120,fingers not removed from object
sub2_modelvf_f_n_4,22,135,fingers not removed from object
sub2_modelvf_f_n_5,17,120,fingers not removed from object
sub2_modelvf_g_n_1,25,134,wobble
sub2_modelvf_g_n_2,30,230,fingers not removed from object
sub2_modelvf_g_n_3,12,189,fingers not removed from object
sub2_modelvf_g_n_4,28,160,fingers not removed from object
sub2_modelvf_g_n_5,17,108,fingers not removed from object
sub2_modelvf_h_n_1,35,505,fingers not removed from object
sub2_modelvf_h_n_2,24,330,fingers not removed from object
sub2_modelvf_h_n_3,73,170,fingers not removed from object
sub2_modelvf_h_n_4,40,210,fingers not removed from object
sub2_modelvf_h_n_5,29,137,fingers not removed from object
sub3_basic_a_n_1,,,
sub3_basic_a_n_2,,,
sub3_basic_a_n_3,,,
sub3_basic_a_n_4,,,
sub3_basic_a_n_5,,,
sub3_basic_b_n_1,,,
sub3_basic_b_n_2,,,
sub3_basic_b_n_3,,,
sub3_basic_b_n_4,,,
sub3_basic_b_n_5,,,
sub3_basic_c_n_1,,,
sub3_basic_c_n_2,,,
sub3_basic_c_n_3,,,
sub3_basic_c_n_4,,,
sub3_basic_c_n_5,,,
sub3_basic_d_n_1,,,
sub3_basic_d_n_2,,,
sub3_basic_d_n_3,,,
sub3_basic_d_n_4,,,
sub3_basic_d_n_5,,,
sub3_basic_e_n_1,,,
sub3_basic_e_n_2,,,
sub3_basic_e_n_3,,,
sub3_basic_e_n_4,,,
sub3_basic_e_n_5,,,
sub3_basic_f_n_1,,,
sub3_basic_f_n_2,,,
sub3_basic_f_n_3,,,
sub3_basic_f_n_4,,,
sub3_basic_f_n_5,,,
sub3_basic_g_n_1,,,
sub3_basic_g_n_2,,,
sub3_basic_g_n_3,,,
sub3_basic_g_n_4,,,
sub3_basic_g_n_5,,,
sub3_basic_h_n_1,,,
sub3_basic_h_n_2,,,
sub3_basic_h_n_3,,,
sub3_basic_h_n_4,,,
sub3_basic_h_n_5,,,
sub3_m2stiff_a_n_1,,,
sub3_m2stiff_a_n_2,,,
sub3_m2stiff_a_n_3,,,
sub3_m2stiff_a_n_4,,,
sub3_m2stiff_a_n_5,,,
sub3_m2stiff_b_n_1,,,
sub3_m2stiff_b_n_2,,,
sub3_m2stiff_b_n_3,,,
sub3_m2stiff_b_n_4,,,
sub3_m2stiff_b_n_5,,,
sub3_m2stiff_c_n_1,,,
sub3_m2stiff_c_n_2,,,
sub3_m2stiff_c_n_3,,,
sub3_m2stiff_c_n_4,,,
sub3_m2stiff_c_n_5,,,
sub3_m2stiff_d_n_1,,,
sub3_m2stiff_d_n_2,,,
sub3_m2stiff_d_n_3,,,
sub3_m2stiff_d_n_4,,,
sub3_m2stiff_d_n_5,,,
sub3_m2stiff_e_n_1,,,
sub3_m2stiff_e_n_2,,,
sub3_m2stiff_e_n_3,,,
sub3_m2stiff_e_n_4,,,
sub3_m2stiff_e_n_5,,,
sub3_m2stiff_f_n_1,,,
sub3_m2stiff_f_n_2,,,
sub3_m2stiff_f_n_3,,,
sub3_m2stiff_f_n_4,,,
sub3_m2stiff_f_n_5,,,
sub3_m2stiff_g_n_1,,,
sub3_m2stiff_g_n_2,,,
sub3_m2stiff_g_n_3,,,
sub3_m2stiff_g_n_4,,,
sub3_m2stiff_g_n_5,,,
sub3_m2stiff_h_n_1,,,
sub3_m2stiff_h_n_2,,,
sub3_m2stiff_h_n_3,,,
sub3_m2stiff_h_n_4,,,
sub3_m2stiff_h_n_5,,,
sub3_m2active_a_n_1,,,
sub3_m2active_a_n_2,,,
sub3_m2active_a_n_3,,,
sub3_m2active_a_n_4,,,
sub3_m2active_a_n_5,,,
sub3_m2active_b_n_1,,,
sub3_m2active_b_n_2,,,
sub3_m2active_b_n_3,,,
sub3_m2active_b_n_4,,,
sub3_m2active_b_n_5,,,
sub3_m2active_c_n_1,,,
sub3_m2active_c_n_2,,,
sub3_m2active_c_n_3,,,
sub3_m2active_c_n_4,,,
sub3_m2active_c_n_5,,,
sub3_m2active_d_n_1,,,
sub3_m2active_d_n_2,,,
sub3_m2active_d_n_3,,,
sub3_m2active_d_n_4,,,
sub3_m2active_d_n_5,,,
sub3_m2active_e_n_1,,,
sub3_m2active_e_n_2,,,
sub3_m2active_e_n_3,,,
sub3_m2active_e_n_4,,,
sub3_m2active_e_n_5,,,
sub3_m2active_f_n_1,,,
sub3_m2active_f_n_2,,,
sub3_m2active_f_n_3,,,
sub3_m2active_f_n_4,,,
sub3_m2active_f_n_5,,,
sub3_m2active_g_n_1,,,
sub3_m2active_g_n_2,,,
sub3_m2active_g_n_3,,,
sub3_m2active_g_n_4,,,
sub3_m2active_g_n_5,,,
sub3_m2active_h_n_1,,,
sub3_m2active_h_n_2,,,
sub3_m2active_h_n_3,,,
sub3_m2active_h_n_4,,,
sub3_m2active_h_n_5,,,
sub3_m2active_n_cw_1,,,
sub3_m2active_n_cw_2,,,
sub3_m2active_n_cw_3,,,
sub3_m2active_n_cw_4,,,
sub3_m2active_n_cw_5,,,
sub3_m2active_n_ccw_1,,,
sub3_m2active_n_ccw_2,,,
sub3_m2active_n_ccw_3,,,
sub3_m2active_n_ccw_4,,,
sub3_m2active_n_ccw_5,,,
sub3_2v2_a_n_1,,,
sub3_2v2_a_n_2,,,
sub3_2v2_a_n_3,,,
sub3_2v2_a_n_4,,,
sub3_2v2_a_n_5,,,
sub3_2v2_b_n_1,,,
sub3_2v2_b_n_2,,,
sub3_2v2_b_n_3,,,
sub3_2v2_b_n_4,,,
sub3_2v2_b_n_5,,,
sub3_2v2_c_n_1,,,
sub3_2v2_c_n_2,,,
sub3_2v2_c_n_3,,,
sub3_2v2_c_n_4,,,
sub3_2v2_c_n_5,,,
sub3_2v2_d_n_1,,,
sub3_2v2_d_n_2,,,
sub3_2v2_d_n_3,,,
sub3_2v2_d_n_4,,,
sub3_2v2_d_n_5,,,
sub3_2v2_e_n_1,,,
sub3_2v2_e_n_2,,,
sub3_2v2_e_n_3,,,
sub3_2v2_e_n_4,,,
sub3_2v2_e_n_5,,,
sub3_2v2_f_n_1,,,
sub3_2v2_f_n_2,,,
sub3_2v2_f_n_3,,,
sub3_2v2_f_n_4,,,
sub3_2v2_f_n_5,,,
sub3_2v2_g_n_1,,,
sub3_2v2_g_n_2,,,
sub3_2v2_g_n_3,,,
sub3_2v2_g_n_4,,,
sub3_2v2_g_n_5,,,
sub3_2v2_h_n_1,,,
sub3_2v2_h_n_2,,,
sub3_2v2_h_n_3,,,
sub3_2v2_h_n_4,,,
sub3_2v2_h_n_5,,,
sub3_2v2_n_cw_1,,,
sub3_2v2_n_cw_2,,,
sub3_2v2_n_cw_3,,,
sub3_2v2_n_cw_4,,,
sub3_2v2_n_cw_5,,,
sub3_2v2_n_ccw_1,,,
sub3_2v2_n_ccw_2,,,
sub3_2v2_n_ccw_3,,,
sub3_2v2_n_ccw_4,,,
sub3_2v2_n_ccw_5,,,
sub3_3v3_a_n_1,,,
sub3_3v3_a_n_2,,,
sub3_3v3_a_n_3,,,
sub3_3v3_a_n_4,,,
sub3_3v3_a_n_5,,,
sub3_3v3_b_n_1,,,
sub3_3v3_b_n_2,,,
sub3_3v3_b_n_3,,,
sub3_3v3_b_n_4,,,
sub3_3v3_b_n_5,,,
sub3_3v3_c_n_1,,,
sub3_3v3_c_n_2,,,
sub3_3v3_c_n_3,,,
sub3_3v3_c_n_4,,,
sub3_3v3_c_n_5,,,
sub3_3v3_d_n_1,,,
sub3_3v3_d_n_2,,,
sub3_3v3_d_n_3,,,
sub3_3v3_d_n_4,,,
sub3_3v3_d_n_5,,,
sub3_3v3_e_n_1,,,
sub3_3v3_e_n_2,,,
sub3_3v3_e_n_3,,,
sub3_3v3_e_n_4,,,
sub3_3v3_e_n_5,,,
sub3_3v3_f_n_1,,,
sub3_3v3_f_n_2,,,
sub3_3v3_f_n_3,,,
sub3_3v3_f_n_4,,,
sub3_3v3_f_n_5,,,
sub3_3v3_g_n_1,,,
sub3_3v3_g_n_2,,,
sub3_3v3_g_n_3,,,
sub3_3v3_g_n_4,,,
sub3_3v3_g_n_5,,,
sub3_3v3_h_n_1,,,
sub3_3v3_h_n_2,,,
sub3_3v3_h_n_3,,,
sub3_3v3_h_n_4,,,
sub3_3v3_h_n_5,,,
sub3_3v3_n_cw_1,,,
sub3_3v3_n_cw_2,,,
sub3_3v3_n_cw_3,,,
sub3_3v3_n_cw_4,,,
sub3_3v3_n_cw_5,,,
sub3_3v3_n_ccw_1,,,
sub3_3v3_n_ccw_2,,,
sub3_3v3_n_ccw_3,,,
sub3_3v3_n_ccw_4,,,
sub3_3v3_n_ccw_5,,,
sub3_2v3_a_n_1,,,
sub3_2v3_a_n_2,,,
sub3_2v3_a_n_3,,,
sub3_2v3_a_n_4,,,
sub3_2v3_a_n_5,,,
sub3_2v3_b_n_1,,,
sub3_2v3_b_n_2,,,
sub3_2v3_b_n_3,,,
sub3_2v3_b_n_4,,,
sub3_2v3_b_n_5,,,
sub3_2v3_c_n_1,,,
sub3_2v3_c_n_2,,,
sub3_2v3_c_n_3,,,
sub3_2v3_c_n_4,,,
sub3_2v3_c_n_5,,,
sub3_2v3_d_n_1,,,
sub3_2v3_d_n_2,,,
sub3_2v3_d_n_3,,,
sub3_2v3_d_n_4,,,
sub3_2v3_d_n_5,,,
sub3_2v3_e_n_1,,,
sub3_2v3_e_n_2,,,
sub3_2v3_e_n_3,,,
sub3_2v3_e_n_4,,,
sub3_2v3_e_n_5,,,
sub3_2v3_f_n_1,,,
sub3_2v3_f_n_2,,,
sub3_2v3_f_n_3,,,
sub3_2v3_f_n_4,,,
sub3_2v3_f_n_5,,,
sub3_2v3_g_n_1,,,
sub3_2v3_g_n_2,,,
sub3_2v3_g_n_3,,,
sub3_2v3_g_n_4,,,
sub3_2v3_g_n_5,,,
sub3_2v3_h_n_1,,,
sub3_2v3_h_n_2,,,
sub3_2v3_h_n_3,,,
sub3_2v3_h_n_4,,,
sub3_2v3_h_n_5,,,
sub3_2v3_n_cw_1,,,
sub3_2v3_n_cw_2,,,
sub3_2v3_n_cw_3,,,
sub3_2v3_n_cw_4,,,
sub3_2v3_n_cw_5,,,
sub3_2v3_n_ccw_1,,,
sub3_2v3_n_ccw_2,,,
sub3_2v3_n_ccw_3,,,
sub3_2v3_n_ccw_4,,,
sub3_2v3_n_ccw_5,,,
sub3_barrett_a_n_1,,,
sub3_barrett_a_n_2,,,
sub3_barrett_a_n_3,,,
sub3_barrett_a_n_4,,,
sub3_barrett_a_n_5,,,
sub3_barrett_b_n_1,,,
sub3_barrett_b_n_2,,,
sub3_barrett_b_n_3,,,
sub3_barrett_b_n_4,,,
sub3_barrett_b_n_5,,,
sub3_barrett_c_n_1,,,
sub3_barrett_c_n_2,,,
sub3_barrett_c_n_3,,,
sub3_barrett_c_n_4,,,
sub3_barrett_c_n_5,,,
sub3_barrett_d_n_1,,,
sub3_barrett_d_n_2,,,
sub3_barrett_d_n_3,,,
sub3_barrett_d_n_4,,,
sub3_barrett_d_n_5,,,
sub3_barrett_e_n_1,,,
sub3_barrett_e_n_2,,,
sub3_barrett_e_n_3,,,
sub3_barrett_e_n_4,,,
sub3_barrett_e_n_5,,,
sub3_barrett_f_n_1,,,
sub3_barrett_f_n_2,,,
sub3_barrett_f_n_3,,,
sub3_barrett_f_n_4,,,
sub3_barrett_f_n_5,,,
sub3_barrett_g_n_1,,,
sub3_barrett_g_n_2,,,
sub3_barrett_g_n_3,,,
sub3_barrett_g_n_4,,,
sub3_barrett_g_n_5,,,
sub3_barrett_h_n_1,,,
sub3_barrett_h_n_2,,,
sub3_barrett_h_n_3,,,
sub3_barrett_h_n_4,,,
sub3_barrett_h_n_5,,,
sub3_barrett_n_cw_1,,,
sub3_barrett_n_cw_2,,,
sub3_barrett_n_cw_3,,,
sub3_barrett_n_cw_4,,,
sub3_barrett_n_cw_5,,,
sub3_barrett_n_ccw_1,,,
sub3_barrett_n_ccw_2,,,
sub3_barrett_n_ccw_3,,,
sub3_barrett_n_ccw_4,,,
sub3_barrett_n_ccw_5,,,
sub3_modelvf_a_n_1,,,
sub3_modelvf_a_n_2,,,
sub3_modelvf_a_n_3,,,
sub3_modelvf_a_n_4,,,
sub3_modelvf_a_n_5,,,
sub3_modelvf_b_n_1,,,
sub3_modelvf_b_n_2,,,
sub3_modelvf_b_n_3,,,
sub3_modelvf_b_n_4,,,
sub3_modelvf_b_n_5,,,
sub3_modelvf_c_n_1,,,
sub3_modelvf_c_n_2,,,
sub3_modelvf_c_n_3,,,
sub3_modelvf_c_n_4,,,
sub3_modelvf_c_n_5,,,
sub3_modelvf_d_n_1,,,
sub3_modelvf_d_n_2,,,
sub3_modelvf_d_n_3,,,
sub3_modelvf_d_n_4,,,
sub3_modelvf_d_n_5,,,
sub3_modelvf_e_n_1,,,
sub3_modelvf_e_n_2,,,
sub3_modelvf_e_n_3,,,
sub3_modelvf_e_n_4,,,
sub3_modelvf_e_n_5,,,
sub3_modelvf_f_n_1,,,
sub3_modelvf_f_n_2,,,
sub3_modelvf_f_n_3,,,
sub3_modelvf_f_n_4,,,
sub3_modelvf_f_n_5,,,
sub3_modelvf_g_n_1,,,
sub3_modelvf_g_n_2,,,
sub3_modelvf_g_n_3,,,
sub3_modelvf_g_n_4,,,
sub3_modelvf_g_n_5,,,
sub3_modelvf_h_n_1,,,
sub3_modelvf_h_n_2,,,
sub3_modelvf_h_n_3,,,
sub3_modelvf_h_n_4,,,
sub3_modelvf_h_n_5,,,
